;(Intercept);Population;df;logLik;AICc;delta;weight
2;-0.939081243;+;15;72.50665143;-113.708955;0;1
1;-0.961257492;NA;12;46.78817326;-68.73537618;44.97357885;1.71E-10
